"alaborum@example.com","24","password"
"asperiores.impedit@example.com","85","password"
"assumenda.mollitia@example.net","125","password"
"aut_vel@example.com","150","password"
"aut_voluptas@example.com","75","password"
"aut.aliquam@example.org","20","password"
"aut.nemo@example.org","200","password"
"aut83@example.net","160","password"
"baccusantium@example.org","50","password"
"billum@example.com","134","password"
"bnisi@example.net","164","password"
"bvoluptatem@example.com","114","password"
"cin@example.net","174","password"
"consequatur_sed@example.org","158","password"
"consequuntur39@example.net","161","password"
"corrupti01@example.org","147","password"
"deleniti01@example.org","13","password"
"dignissimos83@example.org","140","password"
"dolor.veritatis@example.org","136","password"
"dolore_totam@example.net","70","password"
"dolorem24@example.net","82","password"
"dolorem68@example.org","94","password"
"dsoluta@example.net","90","password"
"ea_enim@example.net","21","password"
"ea.a@example.com","7","password"
"earum62@example.net","145","password"
"eeligendi@example.com","184","password"
"enim_quaerat@example.net","1","password"
"eos_facere@example.net","175","password"
"esse.eligendi@example.com","25","password"
"esse.nulla@example.net","99","password"
"est_dolores@example.com","197","password"
"est_velit@example.org","193","password"
"et.mollitia@example.com","196","password"
"et33@example.com","8","password"
"fugiat.minus@example.net","202","password"
"gconsequuntur@example.org","53","password"
"harum_nostrum@example.org","131","password"
"harum08@example.net","185","password"
"hcupiditate@example.net","69","password"
"hdolore@example.com","88","password"
"hic08@example.org","95","password"
"id.quis@example.org","61","password"
"ilaboriosam@example.org","43","password"
"impedit.ex@example.net","97","password"
"incidunt.sequi@example.com","154","password"
"ipsa08@example.org","128","password"
"ipsam_expedita@example.org","107","password"
"ipsum_sunt@example.net","171","password"
"iure11@example.com","41","password"
"iusto90@example.org","56","password"
"jofficia@example.com","31","password"
"jqui@example.org","157","password"
"kenim@example.org","63","password"
"laudantium83@example.org","178","password"
"ldolor@example.com","113","password"
"lneque@example.org","139","password"
"lxz413@126.com","203","password"
"magnam04@example.org","121","password"
"molestiae.maxime@example.org","10","password"
"natus_nostrum@example.net","5","password"
"ncum@example.org","190","password"
"nemo_soluta@example.net","6","password"
"nesciunt_et@example.com","39","password"
"nesciunt69@example.com","79","password"
"nihil.et@example.net","2","password"
"non.amet@example.com","73","password"
"non.ducimus@example.net","148","password"
"non34@example.org","186","password"
"non88@example.org","104","password"
"nostrum.dolore@example.org","76","password"
"odio_qui@example.net","103","password"
"omnis_quibusdam@example.org","18","password"
"qharum@example.com","98","password"
"quaerat_voluptatum@example.net","112","password"
"quam04@example.com","12","password"
"quasi_ipsum@example.net","100","password"
"quasi.ipsum@example.com","33","password"
"qui_vel@example.com","122","password"
"quis26@example.com","152","password"
"reiciendis.qui@example.net","189","password"
"reprehenderit16@example.net","117","password"
"repudiandae.delectus@example.net","58","password"
"sat@example.org","83","password"
"sit_nam@example.org","28","password"
"sit95@example.org","167","password"
"tempora_dolores@example.org","109","password"
"tempore_quo@example.net","169","password"
"tempore.explicabo@example.net","45","password"
"tenim@example.com","36","password"
"ullam86@example.org","16","password"
"ut35@example.org","177","password"
"vad@example.org","48","password"
"velit82@example.com","91","password"
"veritatis57@example.net","119","password"
"veritatis89@example.com","59","password"
"vero_doloribus@example.net","52","password"
"vitae25@example.net","142","password"
"voluptatem.nobis@example.net","66","password"
"yfuga@example.net","118","password"
"zaut@example.com","181","password"
